label	country	admin1	cluster	cluster_id	overall
Brazil/Cerrado Mineiro	Brazil	Cerrado Mineiro	後味すっきり (C3)	C3	7.38
Brazil/Mantiqueira de Minas	Brazil	Mantiqueira de Minas	後味すっきり (C3)	C3	7.52
Brazil/Matas de Minas	Brazil	Matas de Minas	独自の味わい	noise	7.53
Brazil/Minas Gerais	Brazil	Minas Gerais	香り華やか・軽やか (C5)	C5	7.66
Brazil/Mogiana	Brazil	Mogiana	香り華やか・軽やか (C5)	C5	7.58
Brazil/Sul de Minas	Brazil	Sul de Minas	後味すっきり (C3)	C3	7.57
Brazil/São Paulo	Brazil	São Paulo	コク深い・後味すっきり・あっさり (C2)	C2	7.51
Burundi/Kayanza	Burundi	Kayanza	後味すっきり (C3)	C3	7.58
Burundi/Mumirwa	Burundi	Mumirwa	酸味しっかり・香り控えめ (C1)	C1	7.17
China/Yunnan	China	Yunnan	後味すっきり (C3)	C3	7.58
Colombia/Antioquia	Colombia	Antioquia	バランス良好 (C4)	C4	7.53
Colombia/Boyacá	Colombia	Boyacá	独自の味わい	noise	7.44
Colombia/Cauca	Colombia	Cauca	バランス良好 (C4)	C4	7.58
Colombia/Cundinamarca	Colombia	Cundinamarca	バランス良好 (C4)	C4	7.63
Colombia/Huila	Colombia	Huila	バランス良好 (C4)	C4	7.61
Colombia/Nariño	Colombia	Nariño	バランス良好 (C4)	C4	7.71
Colombia/Risaralda	Colombia	Risaralda	独自の味わい	noise	7.22
Colombia/Santander	Colombia	Santander	バランス良好 (C4)	C4	7.72
Colombia/Tolima	Colombia	Tolima	独自の味わい	noise	7.97
Costa Rica/Brunca	Costa Rica	Brunca	バランス良好 (C4)	C4	7.62
Costa Rica/Central Valley	Costa Rica	Central Valley	バランス良好 (C4)	C4	7.56
Costa Rica/Tarrazú	Costa Rica	Tarrazú	バランス良好 (C4)	C4	7.61
Costa Rica/Tres Ríos	Costa Rica	Tres Ríos	香り華やか・軽やか (C5)	C5	7.48
Costa Rica/Turrialba	Costa Rica	Turrialba	バランス良好 (C4)	C4	7.42
Costa Rica/West Valley	Costa Rica	West Valley	バランス良好 (C4)	C4	7.55
Ecuador/Manabí	Ecuador	Manabí	独自の味わい	noise	7.69
El Salvador/Apaneca-Ilamatepec	El Salvador	Apaneca-Ilamatepec	バランス良好 (C4)	C4	7.69
El Salvador/Cacahuatique	El Salvador	Cacahuatique	独自の味わい	noise	7.31
El Salvador/El Bálsamo-Quezaltepeque	El Salvador	El Bálsamo-Quezaltepeque	酸味しっかり・香り控えめ (C1)	C1	7.59
El Salvador/Santa Ana	El Salvador	Santa Ana	酸味しっかり・香り控えめ (C1)	C1	7.75
Ethiopia/Guji	Ethiopia	Guji	後味すっきり (C3)	C3	8.28
Ethiopia/Kaffa	Ethiopia	Kaffa	酸味しっかり・香り控えめ (C1)	C1	7.97
Ethiopia/Limu	Ethiopia	Limu	酸味しっかり・香り控えめ (C1)	C1	7.75
Ethiopia/Oromia	Ethiopia	Oromia	酸味しっかり・香り控えめ (C1)	C1	8.1
Ethiopia/Sidamo	Ethiopia	Sidamo	酸味しっかり・香り控えめ (C1)	C1	7.83
Ethiopia/Welega	Ethiopia	Welega	独自の味わい	noise	7.43
Ethiopia/Yirgacheffe	Ethiopia	Yirgacheffe	後味すっきり・酸味しっかり (C0)	C0	7.95
Guatemala/Acatenango	Guatemala	Acatenango	酸味しっかり・香り控えめ (C1)	C1	7.85
Guatemala/Antigua	Guatemala	Antigua	後味すっきり・酸味しっかり (C0)	C0	7.55
Guatemala/Atitlán	Guatemala	Atitlán	後味すっきり・酸味しっかり (C0)	C0	7.52
Guatemala/El Progreso	Guatemala	El Progreso	後味すっきり・酸味しっかり (C0)	C0	7.51
Guatemala/Guatemala	Guatemala	Guatemala	コク深い・後味すっきり・あっさり (C2)	C2	7.75
Guatemala/Huehuetenango	Guatemala	Huehuetenango	後味すっきり・酸味しっかり (C0)	C0	7.6
Guatemala/Jalapa	Guatemala	Jalapa	後味すっきり・酸味しっかり (C0)	C0	7.53
Guatemala/Norte	Guatemala	Norte	後味すっきり・酸味しっかり (C0)	C0	7.49
Guatemala/Nuevo Oriente	Guatemala	Nuevo Oriente	後味すっきり・酸味しっかり (C0)	C0	7.55
Guatemala/Occidente	Guatemala	Occidente	後味すっきり・酸味しっかり (C0)	C0	7.06
Guatemala/Oriente	Guatemala	Oriente	独自の味わい	noise	7.37
Guatemala/Quetzaltenango	Guatemala	Quetzaltenango	コク深い・後味すっきり・あっさり (C2)	C2	7.67
Guatemala/Quiché	Guatemala	Quiché	酸味しっかり・香り控えめ (C1)	C1	7.74
Guatemala/San Marcos	Guatemala	San Marcos	後味すっきり・酸味しっかり (C0)	C0	7.51
Guatemala/Santa Rosa	Guatemala	Santa Rosa	後味すっきり・酸味しっかり (C0)	C0	7.43
Haiti/Artibonite	Haiti	Artibonite	コク深い・後味すっきり・あっさり (C2)	C2	6.84
Haiti/Nord	Haiti	Nord	バランス良好 (C4)	C4	7.1
Haiti/Sud-Est	Haiti	Sud-Est	コク深い・後味すっきり・あっさり (C2)	C2	7.58
Honduras/Central Region	Honduras	Central Region	後味すっきり・酸味しっかり (C0)	C0	7.45
Honduras/Comayagua	Honduras	Comayagua	後味すっきり (C3)	C3	7.12
Honduras/El Paraíso	Honduras	El Paraíso	後味すっきり (C3)	C3	7.42
Honduras/Intibucá	Honduras	Intibucá	独自の味わい	noise	6.94
Honduras/La Paz	Honduras	La Paz	後味すっきり・酸味しっかり (C0)	C0	7.21
Honduras/Ocotepeque	Honduras	Ocotepeque	独自の味わい	noise	7.14
Honduras/Western Region	Honduras	Western Region	独自の味わい	noise	7.36
India/Karnataka	India	Karnataka	バランス良好 (C4)	C4	7.69
Indonesia/Aceh	Indonesia	Aceh	後味すっきり (C3)	C3	7.54
Indonesia/Bali	Indonesia	Bali	独自の味わい	noise	7.64
Indonesia/Central Java	Indonesia	Central Java	香り華やか・軽やか (C5)	C5	7.79
Indonesia/East Java	Indonesia	East Java	独自の味わい	noise	7.4
Indonesia/North Sumatra	Indonesia	North Sumatra	コク深い・後味すっきり・あっさり (C2)	C2	7.61
Indonesia/Sulawesi	Indonesia	Sulawesi	独自の味わい	noise	7.85
Japan/Okinawa	Japan	Okinawa	独自の味わい	noise	7.76
Kenya/Central	Kenya	Central	独自の味わい	noise	7.85
Kenya/Kiambu	Kenya	Kiambu	酸味しっかり・香り控えめ (C1)	C1	7.56
Kenya/Kirinyaga	Kenya	Kirinyaga	後味すっきり・酸味しっかり (C0)	C0	7.92
Kenya/Meru	Kenya	Meru	香り華やか・軽やか (C5)	C5	7.65
Kenya/Murang'a	Kenya	Murang'a	後味すっきり・酸味しっかり (C0)	C0	8.03
Kenya/Nyeri	Kenya	Nyeri	バランス良好 (C4)	C4	7.77
Laos/Champasak	Laos	Champasak	香り華やか・軽やか (C5)	C5	7.38
Malawi/Northern	Malawi	Northern	後味すっきり・酸味しっかり (C0)	C0	7.41
Malawi/Southern	Malawi	Southern	独自の味わい	noise	7.28
Mauritius/Rivière Noire	Mauritius	Rivière Noire	独自の味わい	noise	7.21
Mexico/Chiapas	Mexico	Chiapas	後味すっきり・酸味しっかり (C0)	C0	7.38
Mexico/Colima	Mexico	Colima	独自の味わい	noise	7.51
Mexico/Guerrero	Mexico	Guerrero	後味すっきり (C3)	C3	7.49
Mexico/Hidalgo	Mexico	Hidalgo	香り華やか・軽やか (C5)	C5	7.41
Mexico/Jalisco	Mexico	Jalisco	バランス良好 (C4)	C4	7.25
Mexico/Nayarit	Mexico	Nayarit	独自の味わい	noise	7.73
Mexico/Oaxaca	Mexico	Oaxaca	後味すっきり・酸味しっかり (C0)	C0	7.21
Mexico/Puebla	Mexico	Puebla	コク深い・後味すっきり・あっさり (C2)	C2	7.33
Mexico/Veracruz	Mexico	Veracruz	後味すっきり・酸味しっかり (C0)	C0	7.37
Myanmar/Mandalay	Myanmar	Mandalay	独自の味わい	noise	7.22
Myanmar/Shan	Myanmar	Shan	後味すっきり・酸味しっかり (C0)	C0	7.29
Nicaragua/Jinotega	Nicaragua	Jinotega	コク深い・後味すっきり・あっさり (C2)	C2	7.34
Nicaragua/Matagalpa	Nicaragua	Matagalpa	コク深い・後味すっきり・あっさり (C2)	C2	7.43
Nicaragua/Nueva Segovia	Nicaragua	Nueva Segovia	独自の味わい	noise	7.06
Panama/Chiriquí	Panama	Chiriquí	バランス良好 (C4)	C4	7.68
Papua New Guinea/Eastern Highlands	Papua New Guinea	Eastern Highlands	後味すっきり・酸味しっかり (C0)	C0	8.19
Peru/Cajamarca	Peru	Cajamarca	コク深い・後味すっきり・あっさり (C2)	C2	7.69
Peru/Huánuco	Peru	Huánuco	独自の味わい	noise	7.21
Peru/Lambayeque	Peru	Lambayeque	独自の味わい	noise	7.79
Peru/Puno	Peru	Puno	後味すっきり (C3)	C3	7.36
Philippines/Cordillera	Philippines	Cordillera	コク深い・後味すっきり・あっさり (C2)	C2	7.03
Philippines/Davao	Philippines	Davao	酸味しっかり・香り控えめ (C1)	C1	7.33
Philippines/Northern Mindanao	Philippines	Northern Mindanao	独自の味わい	noise	7.57
Rwanda/Northern	Rwanda	Northern	後味すっきり (C3)	C3	7.8
Taiwan/Changhua	Taiwan	Changhua	独自の味わい	noise	7.25
Taiwan/Chiayi	Taiwan	Chiayi	香り華やか・軽やか (C5)	C5	7.65
Taiwan/Miaoli	Taiwan	Miaoli	香り華やか・軽やか (C5)	C5	7.29
Taiwan/Nantou	Taiwan	Nantou	バランス良好 (C4)	C4	7.45
Taiwan/New Taipei	Taiwan	New Taipei	バランス良好 (C4)	C4	7.28
Taiwan/Pingtung	Taiwan	Pingtung	コク深い・後味すっきり・あっさり (C2)	C2	7.51
Taiwan/Taichung	Taiwan	Taichung	香り華やか・軽やか (C5)	C5	7.49
Taiwan/Tainan	Taiwan	Tainan	コク深い・後味すっきり・あっさり (C2)	C2	7.47
Taiwan/Taitung	Taiwan	Taitung	バランス良好 (C4)	C4	7.55
Taiwan/Yunlin	Taiwan	Yunlin	独自の味わい	noise	7.35
Tanzania, United Republic Of/Arusha	Tanzania, United Republic Of	Arusha	バランス良好 (C4)	C4	7.45
Tanzania, United Republic Of/Kilimanjaro	Tanzania, United Republic Of	Kilimanjaro	コク深い・後味すっきり・あっさり (C2)	C2	7.46
Tanzania, United Republic Of/Mbeya	Tanzania, United Republic Of	Mbeya	バランス良好 (C4)	C4	7.53
Tanzania, United Republic Of/Ruvuma	Tanzania, United Republic Of	Ruvuma	バランス良好 (C4)	C4	7.42
Thailand/Chiang Rai	Thailand	Chiang Rai	酸味しっかり・香り控えめ (C1)	C1	7.59
Uganda/Central	Uganda	Central	独自の味わい	noise	7.91
Uganda/Eastern	Uganda	Eastern	香り華やか・軽やか (C5)	C5	7.74
Uganda/Southern	Uganda	Southern	コク深い・後味すっきり・あっさり (C2)	C2	7.55
Uganda/West Nile	Uganda	West Nile	香り華やか・軽やか (C5)	C5	7.62
Uganda/Western	Uganda	Western	独自の味わい	noise	7.7
United States (Hawaii)/Kona	United States (Hawaii)	Kona	コク深い・後味すっきり・あっさり (C2)	C2	7.58
United States (Puerto Rico)/Yauco	United States (Puerto Rico)	Yauco	コク深い・後味すっきり・あっさり (C2)	C2	7.6
Vietnam/Lâm Đồng	Vietnam	Lâm Đồng	独自の味わい	noise	7.51
Zambia/Southern	Zambia	Southern	コク深い・後味すっきり・あっさり (C2)	C2	7.45
