label,Aroma,Flavor,Aftertaste,Acidity,Body,Balance
[C3] Brazil/Cerrado Mineiro,-0.026728,0.037716,-0.046358,0.024753,0.034383,-0.023765
[C3] Brazil/Mantiqueira de Minas,0.073039,0.067745,-0.098725,0.018922,-0.04049,-0.02049
[noise] Brazil/Matas de Minas,0.005833,0.005833,-0.159167,-0.074167,0.175833,0.045833
[C5] Brazil/Minas Gerais,0.141111,0.171111,-0.105556,-0.132222,-0.162222,0.087778
[C5] Brazil/Mogiana,0.2175,0.0475,0.0075,-0.0375,-0.1575,-0.0775
[C3] Brazil/Sul de Minas,0.020405,0.052568,-0.097838,-0.017838,0.039324,0.003378
[C2] Brazil/São Paulo,0.066667,-0.093333,-0.013333,-0.263333,0.236667,0.066667
[C3] Burundi/Kayanza,0.166667,0.086667,-0.253333,-0.083333,-0.083333,0.166667
[C1] Burundi/Mumirwa,-0.085,0.085,0.005,0.165,-0.085,-0.085
[C3] China/Yunnan,0.066042,0.050417,-0.090833,0.002917,-0.001458,-0.027083
[C4] Colombia/Antioquia,0.082778,-0.083889,-0.163889,-0.220556,-0.250556,0.636111
[noise] Colombia/Boyacá,-0.440833,0.184167,0.141667,-0.503333,0.269167,0.349167
[C4] Colombia/Cauca,0.087179,0.024103,-0.008974,-0.125128,-0.065128,0.087949
[C4] Colombia/Cundinamarca,0.092727,0.008182,-0.143636,-0.073636,0.024545,0.091818
[C4] Colombia/Huila,0.057433,-0.018212,-0.086035,-0.034583,-0.003535,0.084933
[C4] Colombia/Nariño,0.104583,-0.065417,-0.145417,0.019583,0.022083,0.064583
[noise] Colombia/Risaralda,0.196667,0.026667,-0.473333,0.026667,0.196667,0.026667
[C4] Colombia/Santander,-0.011806,-0.033472,-0.081806,0.042361,-0.026806,0.111528
[noise] Colombia/Tolima,-0.221667,-0.051667,-0.141667,0.108333,0.108333,0.198333
[C4] Costa Rica/Brunca,-0.045,-0.125,0.045,0.125,0.045,-0.045
[C4] Costa Rica/Central Valley,0.120926,-0.120185,-0.06463,0.027593,0.027593,0.008704
[C4] Costa Rica/Tarrazú,0.100351,-0.035439,-0.04386,-0.00807,-0.04386,0.030877
[C5] Costa Rica/Tres Ríos,0.19125,0.08625,0.02375,-0.05875,-0.18625,-0.05625
[C4] Costa Rica/Turrialba,0.1575,-0.0475,-0.0075,-0.1725,-0.1325,0.2025
[C4] Costa Rica/West Valley,0.084583,-0.020417,-0.067917,-0.032917,-0.03375,0.070417
[noise] Ecuador/Manabí,-0.193333,-0.023333,-0.113333,0.056667,0.136667,0.136667
[C4] El Salvador/Apaneca-Ilamatepec,0.037424,-0.022576,-0.114394,-0.06803,0.037424,0.130152
[noise] El Salvador/Cacahuatique,0.1475,0.0625,-0.2275,-0.2325,0.1425,0.1075
[C1] El Salvador/El Bálsamo-Quezaltepeque,-0.032222,0.051111,-0.032222,0.077778,-0.145556,0.081111
[C1] El Salvador/Santa Ana,-0.11,0.053333,0.223333,0.303333,-0.386667,-0.083333
[C3] Ethiopia/Guji,0.03125,0.11375,-0.05125,0.05125,-0.05125,-0.09375
[C1] Ethiopia/Kaffa,-0.190556,0.199444,-0.080556,0.142778,-0.160556,0.089444
[C1] Ethiopia/Limu,-0.149167,-0.024167,-0.024167,0.163333,-0.004167,0.038333
[C1] Ethiopia/Oromia,-0.071364,0.085909,-0.018636,0.027727,-0.043182,0.019545
[C1] Ethiopia/Sidamo,-0.096806,0.062361,-0.070139,0.104028,0.020694,-0.020139
[noise] Ethiopia/Welega,-0.18,-0.18,-0.18,-0.1,0.07,0.57
[C0] Ethiopia/Yirgacheffe,0.08125,-0.025,-0.1075,0.11,-0.06625,0.0075
[C1] Guatemala/Acatenango,-0.101667,0.035,-0.101667,0.205,-0.045,0.008333
[C0] Guatemala/Antigua,0.09402,0.06402,-0.142451,0.112255,-0.02951,-0.098333
[C0] Guatemala/Atitlán,0.076667,0.018095,-0.12619,0.172381,-0.087619,-0.053333
[C0] Guatemala/El Progreso,0.074167,0.034167,-0.215833,0.119167,-0.090833,0.079167
[C2] Guatemala/Guatemala,0.081667,-0.248333,-0.248333,0.251667,0.081667,0.081667
[C0] Guatemala/Huehuetenango,0.085833,0.033958,-0.237292,0.180208,-0.044167,-0.018542
[C0] Guatemala/Jalapa,0.110556,0.057222,-0.194444,0.097222,-0.014444,-0.056111
[C0] Guatemala/Norte,0.041111,0.041111,-0.125556,0.097778,0.067778,-0.122222
[C0] Guatemala/Nuevo Oriente,0.069815,0.004259,-0.207963,0.254259,-0.013519,-0.106852
[C0] Guatemala/Occidente,0.023333,-0.056667,-0.136667,0.363333,-0.056667,-0.136667
[noise] Guatemala/Oriente,0.089177,-0.016132,-0.244033,0.104115,0.0293,0.037572
[C2] Guatemala/Quetzaltenango,0.003333,-0.086667,-0.086667,0.003333,0.083333,0.083333
[C1] Guatemala/Quiché,-0.156667,0.013333,-0.066667,0.263333,0.013333,-0.066667
[C0] Guatemala/San Marcos,0.008981,0.078426,-0.213241,0.139537,-0.027685,0.013981
[C0] Guatemala/Santa Rosa,0.051833,0.035833,-0.164167,0.061833,0.043833,-0.029167
[C2] Haiti/Artibonite,-0.005833,-0.175833,-0.090833,0.079167,0.364167,-0.170833
[C4] Haiti/Nord,0.020833,-0.024167,-0.064167,-0.019167,0.065833,0.020833
[C2] Haiti/Sud-Est,-0.003333,-0.083333,0.086667,-0.083333,0.246667,-0.163333
[C0] Honduras/Central Region,-0.031667,0.078333,-0.228333,0.108333,0.051667,0.021667
[C3] Honduras/Comayagua,0.055088,0.058246,-0.103333,-0.001754,0.011404,-0.019649
[C3] Honduras/El Paraíso,0.075833,0.075833,-0.214167,-0.009167,0.035833,0.035833
[noise] Honduras/Intibucá,-0.029167,0.055833,-0.151667,0.055833,0.055833,0.013333
[C0] Honduras/La Paz,0.180778,-0.001889,-0.151889,0.065444,0.030778,-0.123222
[noise] Honduras/Ocotepeque,0.441667,0.026667,-0.263333,-0.093333,0.026667,-0.138333
[noise] Honduras/Western Region,0.082778,-0.053889,-0.223889,0.086111,0.082778,0.026111
[C4] India/Karnataka,0.032949,-0.007051,-0.057051,-0.013974,0.006795,0.038333
[C3] Indonesia/Aceh,-0.026,0.072,-0.076,0.03,0.004,-0.004
[noise] Indonesia/Bali,0.145,0.145,-0.23,-0.02,0.025,-0.065
[C5] Indonesia/Central Java,0.128333,0.038333,-0.041667,-0.041667,-0.041667,-0.041667
[noise] Indonesia/East Java,0.265,-0.09,-0.09,-0.05,0.015,-0.05
[C2] Indonesia/North Sumatra,0.009667,-0.024333,-0.124333,0.023667,0.091667,0.023667
[noise] Indonesia/Sulawesi,0.061667,0.061667,-0.228333,-0.188333,0.186667,0.106667
[noise] Japan/Okinawa,-0.013333,-0.013333,-0.013333,-0.343333,0.316667,0.066667
[noise] Kenya/Central,-0.037917,0.044583,-0.077917,0.147083,0.044583,-0.120417
[C1] Kenya/Kiambu,-0.197222,0.049444,-0.117222,0.162778,0.022778,0.079444
[C0] Kenya/Kirinyaga,0.003333,0.003333,-0.086667,0.163333,-0.086667,0.003333
[C5] Kenya/Meru,0.426667,0.016667,0.016667,-0.073333,-0.403333,0.016667
[C0] Kenya/Murang'a,0.051667,-0.028333,-0.028333,0.221667,-0.108333,-0.108333
[C4] Kenya/Nyeri,0.039444,0.009444,-0.045,0.048333,-0.100556,0.048333
[C5] Laos/Champasak,0.160833,0.115833,-0.089167,-0.089167,-0.089167,-0.009167
[C0] Malawi/Northern,0.161852,0.006296,-0.152593,0.05963,-0.062593,-0.012593
[noise] Malawi/Southern,0.255833,-0.034167,-0.034167,-0.159167,0.005833,-0.034167
[noise] Mauritius/Rivière Noire,0.04,0.04,-0.04,-0.04,0.04,-0.04
[C0] Mexico/Chiapas,0.090516,0.002207,-0.129202,0.048967,0.027136,-0.039624
[noise] Mexico/Colima,-0.03375,0.06875,-0.01625,0.11125,0.07125,-0.20125
[C3] Mexico/Guerrero,0.031875,0.134375,-0.145625,-0.051875,0.010625,0.020625
[C5] Mexico/Hidalgo,0.138846,0.108077,-0.071923,-0.064231,-0.103462,-0.007308
[C4] Mexico/Jalisco,0.033333,0.003333,-0.023333,0.033333,-0.05,0.003333
[noise] Mexico/Nayarit,-0.481667,0.148333,-0.351667,-0.101667,-0.231667,1.018333
[C0] Mexico/Oaxaca,0.122204,-0.006183,-0.132634,0.070914,0.009946,-0.064247
[C2] Mexico/Puebla,0.0725,-0.065,-0.19,0.03,0.12375,0.02875
[C0] Mexico/Veracruz,0.091914,-0.004707,-0.164437,0.107725,0.025428,-0.055923
[noise] Myanmar/Mandalay,-0.052778,0.137222,-0.166111,0.250556,0.027222,-0.196111
[C0] Myanmar/Shan,0.098667,0.030667,-0.119333,0.080667,-0.003333,-0.087333
[C2] Nicaragua/Jinotega,0.007436,0.000513,-0.063333,-0.004103,0.10359,-0.044103
[C2] Nicaragua/Matagalpa,-0.095556,-0.148889,-0.092222,-0.035556,0.214444,0.157778
[noise] Nicaragua/Nueva Segovia,0.179722,0.111389,-0.138611,-0.083611,0.069722,-0.138611
[C4] Panama/Chiriquí,-0.009167,-0.051667,-0.071667,0.028333,-0.094167,0.198333
[C0] Papua New Guinea/Eastern Highlands,0.136667,0.226667,-0.363333,0.136667,-0.193333,0.056667
[C2] Peru/Cajamarca,0.006111,-0.050556,-0.190556,-0.023889,0.256111,0.002778
[noise] Peru/Huánuco,-0.208333,-0.128333,-0.208333,0.041667,0.291667,0.211667
[noise] Peru/Lambayeque,-0.121667,0.038333,-0.041667,-0.041667,0.128333,0.038333
[C3] Peru/Puno,0.056667,0.056667,-0.193333,-0.033333,0.056667,0.056667
[C2] Philippines/Cordillera,0.005833,-0.159167,-0.159167,-0.034167,0.130833,0.215833
[C1] Philippines/Davao,-0.251667,-0.001667,0.088333,-0.001667,-0.001667,0.168333
[noise] Philippines/Northern Mindanao,0.011667,0.011667,0.101667,0.011667,-0.068333,-0.068333
[C3] Rwanda/Northern,0.025,0.115,-0.055,0.025,-0.055,-0.055
[noise] Taiwan/Changhua,0.078889,0.078889,0.037222,-0.102778,0.010556,-0.102778
[C5] Taiwan/Chiayi,0.100556,0.053889,-0.002778,0.036111,-0.103889,-0.083889
[C5] Taiwan/Miaoli,0.34,0.215,0.05,-0.115,-0.245,-0.245
[C4] Taiwan/Nantou,0.061574,-0.053981,-0.059537,-0.055093,0.04713,0.059907
[C4] Taiwan/New Taipei,0.141667,-0.028333,-0.028333,-0.028333,-0.028333,-0.028333
[C2] Taiwan/Pingtung,0.236667,-0.183333,-0.343333,-0.183333,0.156667,0.316667
[C5] Taiwan/Taichung,0.155,0.081667,-0.021667,-0.049444,-0.068333,-0.097222
[C2] Taiwan/Tainan,0.02549,-0.023922,-0.106863,0.006078,0.079608,0.019608
[C4] Taiwan/Taitung,-0.055,0.025,0.115,-0.225,-0.055,0.195
[noise] Taiwan/Yunlin,0.07,0.043333,0.013333,-0.07,0.04,-0.096667
"[C4] Tanzania, United Republic Of/Arusha",0.07451,-0.033137,-0.064314,0.019804,0.00451,-0.001373
"[C2] Tanzania, United Republic Of/Kilimanjaro",0.098333,-0.14,-0.096667,0.056667,0.07,0.011667
"[C4] Tanzania, United Republic Of/Mbeya",0.080556,-0.031111,-0.002778,-0.001111,-0.042778,-0.002778
"[C4] Tanzania, United Republic Of/Ruvuma",0.094762,-0.046667,-0.058095,0.010476,0.023333,-0.02381
[C1] Thailand/Chiang Rai,-0.124074,0.07037,-0.004074,0.044815,-0.002963,0.015926
[noise] Uganda/Central,0.255833,-0.034167,-0.034167,-0.159167,0.130833,-0.159167
[C5] Uganda/Eastern,0.17127,0.033651,-0.097778,-0.006825,-0.03873,-0.061587
[C2] Uganda/Southern,0.195,-0.135,-0.225,0.025,0.115,0.025
[C5] Uganda/West Nile,0.250833,0.125833,-0.044167,0.000833,-0.209167,-0.124167
[noise] Uganda/Western,0.092167,0.024167,-0.125833,-0.015833,0.067167,-0.041833
[C2] United States (Hawaii)/Kona,-0.010429,-0.017399,-0.086338,0.015783,0.042298,0.056086
[C2] United States (Puerto Rico)/Yauco,0.050417,-0.057083,-0.117083,0.005417,0.067917,0.050417
[noise] Vietnam/Lâm Đồng,0.0475,0.0325,-0.2175,-0.080833,0.144167,0.074167
[C2] Zambia/Southern,0.225,-0.365,-0.025,-0.115,0.305,-0.025
