label,country,admin1,cluster,Aroma,Flavor,Aftertaste,Acidity,Body,Balance
Brazil/Cerrado Mineiro,Brazil,Cerrado Mineiro,後味すっきり (C3),-0.026728,0.037716,-0.046358,0.024753,0.034383,-0.023765
Brazil/Mantiqueira de Minas,Brazil,Mantiqueira de Minas,後味すっきり (C3),0.073039,0.067745,-0.098725,0.018922,-0.04049,-0.02049
Brazil/Matas de Minas,Brazil,Matas de Minas,独自の味わい,0.005833,0.005833,-0.159167,-0.074167,0.175833,0.045833
Brazil/Minas Gerais,Brazil,Minas Gerais,香り華やか・軽やか (C5),0.141111,0.171111,-0.105556,-0.132222,-0.162222,0.087778
Brazil/Mogiana,Brazil,Mogiana,香り華やか・軽やか (C5),0.2175,0.0475,0.0075,-0.0375,-0.1575,-0.0775
Brazil/Sul de Minas,Brazil,Sul de Minas,後味すっきり (C3),0.020405,0.052568,-0.097838,-0.017838,0.039324,0.003378
Brazil/São Paulo,Brazil,São Paulo,コク深い・後味すっきり・あっさり (C2),0.066667,-0.093333,-0.013333,-0.263333,0.236667,0.066667
Burundi/Kayanza,Burundi,Kayanza,後味すっきり (C3),0.166667,0.086667,-0.253333,-0.083333,-0.083333,0.166667
Burundi/Mumirwa,Burundi,Mumirwa,酸味しっかり・香り控えめ (C1),-0.085,0.085,0.005,0.165,-0.085,-0.085
China/Yunnan,China,Yunnan,後味すっきり (C3),0.066042,0.050417,-0.090833,0.002917,-0.001458,-0.027083
Colombia/Antioquia,Colombia,Antioquia,バランス良好 (C4),0.082778,-0.083889,-0.163889,-0.220556,-0.250556,0.636111
Colombia/Boyacá,Colombia,Boyacá,独自の味わい,-0.440833,0.184167,0.141667,-0.503333,0.269167,0.349167
Colombia/Cauca,Colombia,Cauca,バランス良好 (C4),0.087179,0.024103,-0.008974,-0.125128,-0.065128,0.087949
Colombia/Cundinamarca,Colombia,Cundinamarca,バランス良好 (C4),0.092727,0.008182,-0.143636,-0.073636,0.024545,0.091818
Colombia/Huila,Colombia,Huila,バランス良好 (C4),0.057433,-0.018212,-0.086035,-0.034583,-0.003535,0.084933
Colombia/Nariño,Colombia,Nariño,バランス良好 (C4),0.104583,-0.065417,-0.145417,0.019583,0.022083,0.064583
Colombia/Risaralda,Colombia,Risaralda,独自の味わい,0.196667,0.026667,-0.473333,0.026667,0.196667,0.026667
Colombia/Santander,Colombia,Santander,バランス良好 (C4),-0.011806,-0.033472,-0.081806,0.042361,-0.026806,0.111528
Colombia/Tolima,Colombia,Tolima,独自の味わい,-0.221667,-0.051667,-0.141667,0.108333,0.108333,0.198333
Costa Rica/Brunca,Costa Rica,Brunca,バランス良好 (C4),-0.045,-0.125,0.045,0.125,0.045,-0.045
Costa Rica/Central Valley,Costa Rica,Central Valley,バランス良好 (C4),0.120926,-0.120185,-0.06463,0.027593,0.027593,0.008704
Costa Rica/Tarrazú,Costa Rica,Tarrazú,バランス良好 (C4),0.100351,-0.035439,-0.04386,-0.00807,-0.04386,0.030877
Costa Rica/Tres Ríos,Costa Rica,Tres Ríos,香り華やか・軽やか (C5),0.19125,0.08625,0.02375,-0.05875,-0.18625,-0.05625
Costa Rica/Turrialba,Costa Rica,Turrialba,バランス良好 (C4),0.1575,-0.0475,-0.0075,-0.1725,-0.1325,0.2025
Costa Rica/West Valley,Costa Rica,West Valley,バランス良好 (C4),0.084583,-0.020417,-0.067917,-0.032917,-0.03375,0.070417
Ecuador/Manabí,Ecuador,Manabí,独自の味わい,-0.193333,-0.023333,-0.113333,0.056667,0.136667,0.136667
El Salvador/Apaneca-Ilamatepec,El Salvador,Apaneca-Ilamatepec,バランス良好 (C4),0.037424,-0.022576,-0.114394,-0.06803,0.037424,0.130152
El Salvador/Cacahuatique,El Salvador,Cacahuatique,独自の味わい,0.1475,0.0625,-0.2275,-0.2325,0.1425,0.1075
El Salvador/El Bálsamo-Quezaltepeque,El Salvador,El Bálsamo-Quezaltepeque,酸味しっかり・香り控えめ (C1),-0.032222,0.051111,-0.032222,0.077778,-0.145556,0.081111
El Salvador/Santa Ana,El Salvador,Santa Ana,酸味しっかり・香り控えめ (C1),-0.11,0.053333,0.223333,0.303333,-0.386667,-0.083333
Ethiopia/Guji,Ethiopia,Guji,後味すっきり (C3),0.03125,0.11375,-0.05125,0.05125,-0.05125,-0.09375
Ethiopia/Kaffa,Ethiopia,Kaffa,酸味しっかり・香り控えめ (C1),-0.190556,0.199444,-0.080556,0.142778,-0.160556,0.089444
Ethiopia/Limu,Ethiopia,Limu,酸味しっかり・香り控えめ (C1),-0.149167,-0.024167,-0.024167,0.163333,-0.004167,0.038333
Ethiopia/Oromia,Ethiopia,Oromia,酸味しっかり・香り控えめ (C1),-0.071364,0.085909,-0.018636,0.027727,-0.043182,0.019545
Ethiopia/Sidamo,Ethiopia,Sidamo,酸味しっかり・香り控えめ (C1),-0.096806,0.062361,-0.070139,0.104028,0.020694,-0.020139
Ethiopia/Welega,Ethiopia,Welega,独自の味わい,-0.18,-0.18,-0.18,-0.1,0.07,0.57
Ethiopia/Yirgacheffe,Ethiopia,Yirgacheffe,後味すっきり・酸味しっかり (C0),0.08125,-0.025,-0.1075,0.11,-0.06625,0.0075
Guatemala/Acatenango,Guatemala,Acatenango,酸味しっかり・香り控えめ (C1),-0.101667,0.035,-0.101667,0.205,-0.045,0.008333
Guatemala/Antigua,Guatemala,Antigua,後味すっきり・酸味しっかり (C0),0.09402,0.06402,-0.142451,0.112255,-0.02951,-0.098333
Guatemala/Atitlán,Guatemala,Atitlán,後味すっきり・酸味しっかり (C0),0.076667,0.018095,-0.12619,0.172381,-0.087619,-0.053333
Guatemala/El Progreso,Guatemala,El Progreso,後味すっきり・酸味しっかり (C0),0.074167,0.034167,-0.215833,0.119167,-0.090833,0.079167
Guatemala/Guatemala,Guatemala,Guatemala,コク深い・後味すっきり・あっさり (C2),0.081667,-0.248333,-0.248333,0.251667,0.081667,0.081667
Guatemala/Huehuetenango,Guatemala,Huehuetenango,後味すっきり・酸味しっかり (C0),0.085833,0.033958,-0.237292,0.180208,-0.044167,-0.018542
Guatemala/Jalapa,Guatemala,Jalapa,後味すっきり・酸味しっかり (C0),0.110556,0.057222,-0.194444,0.097222,-0.014444,-0.056111
Guatemala/Norte,Guatemala,Norte,後味すっきり・酸味しっかり (C0),0.041111,0.041111,-0.125556,0.097778,0.067778,-0.122222
Guatemala/Nuevo Oriente,Guatemala,Nuevo Oriente,後味すっきり・酸味しっかり (C0),0.069815,0.004259,-0.207963,0.254259,-0.013519,-0.106852
Guatemala/Occidente,Guatemala,Occidente,後味すっきり・酸味しっかり (C0),0.023333,-0.056667,-0.136667,0.363333,-0.056667,-0.136667
Guatemala/Oriente,Guatemala,Oriente,独自の味わい,0.089177,-0.016132,-0.244033,0.104115,0.0293,0.037572
Guatemala/Quetzaltenango,Guatemala,Quetzaltenango,コク深い・後味すっきり・あっさり (C2),0.003333,-0.086667,-0.086667,0.003333,0.083333,0.083333
Guatemala/Quiché,Guatemala,Quiché,酸味しっかり・香り控えめ (C1),-0.156667,0.013333,-0.066667,0.263333,0.013333,-0.066667
Guatemala/San Marcos,Guatemala,San Marcos,後味すっきり・酸味しっかり (C0),0.008981,0.078426,-0.213241,0.139537,-0.027685,0.013981
Guatemala/Santa Rosa,Guatemala,Santa Rosa,後味すっきり・酸味しっかり (C0),0.051833,0.035833,-0.164167,0.061833,0.043833,-0.029167
Haiti/Artibonite,Haiti,Artibonite,コク深い・後味すっきり・あっさり (C2),-0.005833,-0.175833,-0.090833,0.079167,0.364167,-0.170833
Haiti/Nord,Haiti,Nord,バランス良好 (C4),0.020833,-0.024167,-0.064167,-0.019167,0.065833,0.020833
Haiti/Sud-Est,Haiti,Sud-Est,コク深い・後味すっきり・あっさり (C2),-0.003333,-0.083333,0.086667,-0.083333,0.246667,-0.163333
Honduras/Central Region,Honduras,Central Region,後味すっきり・酸味しっかり (C0),-0.031667,0.078333,-0.228333,0.108333,0.051667,0.021667
Honduras/Comayagua,Honduras,Comayagua,後味すっきり (C3),0.055088,0.058246,-0.103333,-0.001754,0.011404,-0.019649
Honduras/El Paraíso,Honduras,El Paraíso,後味すっきり (C3),0.075833,0.075833,-0.214167,-0.009167,0.035833,0.035833
Honduras/Intibucá,Honduras,Intibucá,独自の味わい,-0.029167,0.055833,-0.151667,0.055833,0.055833,0.013333
Honduras/La Paz,Honduras,La Paz,後味すっきり・酸味しっかり (C0),0.180778,-0.001889,-0.151889,0.065444,0.030778,-0.123222
Honduras/Ocotepeque,Honduras,Ocotepeque,独自の味わい,0.441667,0.026667,-0.263333,-0.093333,0.026667,-0.138333
Honduras/Western Region,Honduras,Western Region,独自の味わい,0.082778,-0.053889,-0.223889,0.086111,0.082778,0.026111
India/Karnataka,India,Karnataka,バランス良好 (C4),0.032949,-0.007051,-0.057051,-0.013974,0.006795,0.038333
Indonesia/Aceh,Indonesia,Aceh,後味すっきり (C3),-0.026,0.072,-0.076,0.03,0.004,-0.004
Indonesia/Bali,Indonesia,Bali,独自の味わい,0.145,0.145,-0.23,-0.02,0.025,-0.065
Indonesia/Central Java,Indonesia,Central Java,香り華やか・軽やか (C5),0.128333,0.038333,-0.041667,-0.041667,-0.041667,-0.041667
Indonesia/East Java,Indonesia,East Java,独自の味わい,0.265,-0.09,-0.09,-0.05,0.015,-0.05
Indonesia/North Sumatra,Indonesia,North Sumatra,コク深い・後味すっきり・あっさり (C2),0.009667,-0.024333,-0.124333,0.023667,0.091667,0.023667
Indonesia/Sulawesi,Indonesia,Sulawesi,独自の味わい,0.061667,0.061667,-0.228333,-0.188333,0.186667,0.106667
Japan/Okinawa,Japan,Okinawa,独自の味わい,-0.013333,-0.013333,-0.013333,-0.343333,0.316667,0.066667
Kenya/Central,Kenya,Central,独自の味わい,-0.037917,0.044583,-0.077917,0.147083,0.044583,-0.120417
Kenya/Kiambu,Kenya,Kiambu,酸味しっかり・香り控えめ (C1),-0.197222,0.049444,-0.117222,0.162778,0.022778,0.079444
Kenya/Kirinyaga,Kenya,Kirinyaga,後味すっきり・酸味しっかり (C0),0.003333,0.003333,-0.086667,0.163333,-0.086667,0.003333
Kenya/Meru,Kenya,Meru,香り華やか・軽やか (C5),0.426667,0.016667,0.016667,-0.073333,-0.403333,0.016667
Kenya/Murang'a,Kenya,Murang'a,後味すっきり・酸味しっかり (C0),0.051667,-0.028333,-0.028333,0.221667,-0.108333,-0.108333
Kenya/Nyeri,Kenya,Nyeri,バランス良好 (C4),0.039444,0.009444,-0.045,0.048333,-0.100556,0.048333
Laos/Champasak,Laos,Champasak,香り華やか・軽やか (C5),0.160833,0.115833,-0.089167,-0.089167,-0.089167,-0.009167
Malawi/Northern,Malawi,Northern,後味すっきり・酸味しっかり (C0),0.161852,0.006296,-0.152593,0.05963,-0.062593,-0.012593
Malawi/Southern,Malawi,Southern,独自の味わい,0.255833,-0.034167,-0.034167,-0.159167,0.005833,-0.034167
Mauritius/Rivière Noire,Mauritius,Rivière Noire,独自の味わい,0.04,0.04,-0.04,-0.04,0.04,-0.04
Mexico/Chiapas,Mexico,Chiapas,後味すっきり・酸味しっかり (C0),0.090516,0.002207,-0.129202,0.048967,0.027136,-0.039624
Mexico/Colima,Mexico,Colima,独自の味わい,-0.03375,0.06875,-0.01625,0.11125,0.07125,-0.20125
Mexico/Guerrero,Mexico,Guerrero,後味すっきり (C3),0.031875,0.134375,-0.145625,-0.051875,0.010625,0.020625
Mexico/Hidalgo,Mexico,Hidalgo,香り華やか・軽やか (C5),0.138846,0.108077,-0.071923,-0.064231,-0.103462,-0.007308
Mexico/Jalisco,Mexico,Jalisco,バランス良好 (C4),0.033333,0.003333,-0.023333,0.033333,-0.05,0.003333
Mexico/Nayarit,Mexico,Nayarit,独自の味わい,-0.481667,0.148333,-0.351667,-0.101667,-0.231667,1.018333
Mexico/Oaxaca,Mexico,Oaxaca,後味すっきり・酸味しっかり (C0),0.122204,-0.006183,-0.132634,0.070914,0.009946,-0.064247
Mexico/Puebla,Mexico,Puebla,コク深い・後味すっきり・あっさり (C2),0.0725,-0.065,-0.19,0.03,0.12375,0.02875
Mexico/Veracruz,Mexico,Veracruz,後味すっきり・酸味しっかり (C0),0.091914,-0.004707,-0.164437,0.107725,0.025428,-0.055923
Myanmar/Mandalay,Myanmar,Mandalay,独自の味わい,-0.052778,0.137222,-0.166111,0.250556,0.027222,-0.196111
Myanmar/Shan,Myanmar,Shan,後味すっきり・酸味しっかり (C0),0.098667,0.030667,-0.119333,0.080667,-0.003333,-0.087333
Nicaragua/Jinotega,Nicaragua,Jinotega,コク深い・後味すっきり・あっさり (C2),0.007436,0.000513,-0.063333,-0.004103,0.10359,-0.044103
Nicaragua/Matagalpa,Nicaragua,Matagalpa,コク深い・後味すっきり・あっさり (C2),-0.095556,-0.148889,-0.092222,-0.035556,0.214444,0.157778
Nicaragua/Nueva Segovia,Nicaragua,Nueva Segovia,独自の味わい,0.179722,0.111389,-0.138611,-0.083611,0.069722,-0.138611
Panama/Chiriquí,Panama,Chiriquí,バランス良好 (C4),-0.009167,-0.051667,-0.071667,0.028333,-0.094167,0.198333
Papua New Guinea/Eastern Highlands,Papua New Guinea,Eastern Highlands,後味すっきり・酸味しっかり (C0),0.136667,0.226667,-0.363333,0.136667,-0.193333,0.056667
Peru/Cajamarca,Peru,Cajamarca,コク深い・後味すっきり・あっさり (C2),0.006111,-0.050556,-0.190556,-0.023889,0.256111,0.002778
Peru/Huánuco,Peru,Huánuco,独自の味わい,-0.208333,-0.128333,-0.208333,0.041667,0.291667,0.211667
Peru/Lambayeque,Peru,Lambayeque,独自の味わい,-0.121667,0.038333,-0.041667,-0.041667,0.128333,0.038333
Peru/Puno,Peru,Puno,後味すっきり (C3),0.056667,0.056667,-0.193333,-0.033333,0.056667,0.056667
Philippines/Cordillera,Philippines,Cordillera,コク深い・後味すっきり・あっさり (C2),0.005833,-0.159167,-0.159167,-0.034167,0.130833,0.215833
Philippines/Davao,Philippines,Davao,酸味しっかり・香り控えめ (C1),-0.251667,-0.001667,0.088333,-0.001667,-0.001667,0.168333
Philippines/Northern Mindanao,Philippines,Northern Mindanao,独自の味わい,0.011667,0.011667,0.101667,0.011667,-0.068333,-0.068333
Rwanda/Northern,Rwanda,Northern,後味すっきり (C3),0.025,0.115,-0.055,0.025,-0.055,-0.055
Taiwan/Changhua,Taiwan,Changhua,独自の味わい,0.078889,0.078889,0.037222,-0.102778,0.010556,-0.102778
Taiwan/Chiayi,Taiwan,Chiayi,香り華やか・軽やか (C5),0.100556,0.053889,-0.002778,0.036111,-0.103889,-0.083889
Taiwan/Miaoli,Taiwan,Miaoli,香り華やか・軽やか (C5),0.34,0.215,0.05,-0.115,-0.245,-0.245
Taiwan/Nantou,Taiwan,Nantou,バランス良好 (C4),0.061574,-0.053981,-0.059537,-0.055093,0.04713,0.059907
Taiwan/New Taipei,Taiwan,New Taipei,バランス良好 (C4),0.141667,-0.028333,-0.028333,-0.028333,-0.028333,-0.028333
Taiwan/Pingtung,Taiwan,Pingtung,コク深い・後味すっきり・あっさり (C2),0.236667,-0.183333,-0.343333,-0.183333,0.156667,0.316667
Taiwan/Taichung,Taiwan,Taichung,香り華やか・軽やか (C5),0.155,0.081667,-0.021667,-0.049444,-0.068333,-0.097222
Taiwan/Tainan,Taiwan,Tainan,コク深い・後味すっきり・あっさり (C2),0.02549,-0.023922,-0.106863,0.006078,0.079608,0.019608
Taiwan/Taitung,Taiwan,Taitung,バランス良好 (C4),-0.055,0.025,0.115,-0.225,-0.055,0.195
Taiwan/Yunlin,Taiwan,Yunlin,独自の味わい,0.07,0.043333,0.013333,-0.07,0.04,-0.096667
"Tanzania, United Republic Of/Arusha","Tanzania, United Republic Of",Arusha,バランス良好 (C4),0.07451,-0.033137,-0.064314,0.019804,0.00451,-0.001373
"Tanzania, United Republic Of/Kilimanjaro","Tanzania, United Republic Of",Kilimanjaro,コク深い・後味すっきり・あっさり (C2),0.098333,-0.14,-0.096667,0.056667,0.07,0.011667
"Tanzania, United Republic Of/Mbeya","Tanzania, United Republic Of",Mbeya,バランス良好 (C4),0.080556,-0.031111,-0.002778,-0.001111,-0.042778,-0.002778
"Tanzania, United Republic Of/Ruvuma","Tanzania, United Republic Of",Ruvuma,バランス良好 (C4),0.094762,-0.046667,-0.058095,0.010476,0.023333,-0.02381
Thailand/Chiang Rai,Thailand,Chiang Rai,酸味しっかり・香り控えめ (C1),-0.124074,0.07037,-0.004074,0.044815,-0.002963,0.015926
Uganda/Central,Uganda,Central,独自の味わい,0.255833,-0.034167,-0.034167,-0.159167,0.130833,-0.159167
Uganda/Eastern,Uganda,Eastern,香り華やか・軽やか (C5),0.17127,0.033651,-0.097778,-0.006825,-0.03873,-0.061587
Uganda/Southern,Uganda,Southern,コク深い・後味すっきり・あっさり (C2),0.195,-0.135,-0.225,0.025,0.115,0.025
Uganda/West Nile,Uganda,West Nile,香り華やか・軽やか (C5),0.250833,0.125833,-0.044167,0.000833,-0.209167,-0.124167
Uganda/Western,Uganda,Western,独自の味わい,0.092167,0.024167,-0.125833,-0.015833,0.067167,-0.041833
United States (Hawaii)/Kona,United States (Hawaii),Kona,コク深い・後味すっきり・あっさり (C2),-0.010429,-0.017399,-0.086338,0.015783,0.042298,0.056086
United States (Puerto Rico)/Yauco,United States (Puerto Rico),Yauco,コク深い・後味すっきり・あっさり (C2),0.050417,-0.057083,-0.117083,0.005417,0.067917,0.050417
Vietnam/Lâm Đồng,Vietnam,Lâm Đồng,独自の味わい,0.0475,0.0325,-0.2175,-0.080833,0.144167,0.074167
Zambia/Southern,Zambia,Southern,コク深い・後味すっきり・あっさり (C2),0.225,-0.365,-0.025,-0.115,0.305,-0.025
